<?xml version="1.0"?>

<!DOCTYPE changes SYSTEM "./dtd/changes-v10.dtd">

<!--
This directory contains some libraries required to build and run the container system and all it's components.
-->

<libraries>
  <library>
    <filename>activation.jar</filename>
    <url>http://java.sun.com/products/javabeans/glasgow/jaf.html</url>
    <version>1.0.2</version>
    <name>JavaBeans Activation Framework</name>
    <desc>Used to instantiate objects based on mime types.</desc>
  </library>

  <library>
    <filename>ant.jar</filename>
    <url>http://jakarta.apache.org/ant/index.html</url>
    <version>1.1</version>
    <name>Ant is a Java based build tool</name>
    <desc>In theory it is kind of like make without makes wrinkles.  Ant is part of the Jakarta Project</desc>
  </library>

  <library>
    <filename>Avalon.jar</filename>
    <url>http://java.apache.org/framework/</url>
    <version>2.2-dev</version>
    <name>Java Apache Server Framework</name>
    <desc>The Avalon project is an effort to create, design, develop and maintain a common framework for server applications written using the Java language. This framework will not be a standalone product, but will allow existing and yet to be created server applications to fit into a common platform and to share code, design and human resources.</desc>
  </library>

  <library>
    <filename>AvalonAware.jar</filename>
    <url>http://java.apache.org/framework/</url>
    <version>2.2-dev</version>
    <name>Java Apache Server Framework support library</name>
    <desc>A support library for the Avalon infrastructure</desc>
  </library>

  <library>
    <filename>dnsjava.jar</filename>
    <url>http://www.xbill.org/dnsjava/</url>
    <version>2.0.1</version>
    <name>dnsjava</name>
    <desc>dnsjava is an implementation of DNS in Java.  Great thanks to Brian Wellington <bwelling@xbill.org> for his contributions</desc>
  </library>

  <library>
    <filename>Loader.jar</filename>
    <url>http://java.apache.org/framework/</url>
    <version>2.2-dev</version>
    <name>Java Apache Server Framework support library</name>
    <desc>The bootstrap loader for the Avalon framework</desc>
  </library>

  <library>
    <filename>mail-1.3.2.jar</filename>
    <url>http://java.sun.com/products/javamail/</url>
    <version>1.3.2</version>
    <name>JavaMail</name>
    <desc>Client and message parsing libraries from JavaSoft.  Includes all service providers.</desc>
  </library>

  <library>
    <filename>xerces.jar</filename>
    <url>http://xml.apache.org/xerces-j/index.html</url>
    <version>1.2.0</version>
    <name>Xerces Java XML parser</name>
    <desc>Great XML parser from IBM and the Apache Group.</desc>
  </library>

</libraries>




-----------------------
 jndi.jar
-----------------------
 The Java Naming and Directory Interface (JNDI) API

 Unified interface to multiple naming and directory
 services in the enterprise.

 OpenEJB provides an IntraVM naming service for
 looking up beans, resources, and variables in the
 container system.

 More info at:
 http://java.sun.com/products/jndi/
-


-----------------------
 jta1.0.1.jar
-----------------------
 The Java Transaction API (JTA)

 Standard JavaTM interfaces between a transaction
 manager and the parties involved in a distributed
 transaction system.

 OpenEJB uses the JTA per requirement of the EJB
 specification.

 More info at:
 http://java.sun.com/products/jta/
-


-----------------------
 postgresql-6.3.jar
-----------------------

 Not currently used.

-


-----------------------
 tyrex-0.9.jar
-----------------------

 Not currently used.

 More info at:
 http://tyrex.exolab.org/
-


-----------------------
 xerces.jar
-----------------------
 The Xerces-J XML parser for Java

 Xerces is part of the Apache XML Project.

 OpenEJB uses Xerces to parse the XML
 configuration file.  Data from the file
 is used to construct and initialize the
 container system.

 More info at:
 http://xml.apache.org/xerces-j/index.html
-


-----------------------
 xslp.jar
-----------------------

 Not currently used.

-


Dev mailing list : openejb-dev@exolab.org
CVS mailing list : openejb-cvs@exolab.org
         Website : www.OpenEJB.org
================================================================
$Id: readme.xml 372522 2006-01-26 13:12:20Z bago $

