<?xml version="1.0" encoding="ISO-8859-1"?>
<!--
  Licensed to the Apache Software Foundation (ASF) under one
  or more contributor license agreements.  See the NOTICE file
  distributed with this work for additional information
  regarding copyright ownership.  The ASF licenses this file
  to you under the Apache License, Version 2.0 (the
  "License"); you may not use this file except in compliance
  with the License.  You may obtain a copy of the License at

    http://www.apache.org/licenses/LICENSE-2.0

  Unless required by applicable law or agreed to in writing,
  software distributed under the License is distributed on an
  "AS IS" BASIS, WITHOUT WARRANTIES OR CONDITIONS OF ANY
  KIND, either express or implied.  See the License for the
  specific language governing permissions and limitations
  under the License.    
-->
<project name="James Server">

  <bannerLeft>
    <name>James Server</name>
    <src>images/james-server-logo.gif</src>
    <href>http://james.apache.org/index.html</href>
  </bannerLeft>
  
  <bannerRight>
    <name>The Apache Software Foundation</name>
    <src>images/asf-logo-reduced.gif</src>
    <href>http://www.apache.org/index.html</href>
  </bannerRight> 
  
  <body>
  
    <menu name='Overview'>
      <item name='Introduction' href='/index.html'/>
      <item name='Release Notes' href='/release-notes.html'/>
    </menu>
  
    <menu name="Concepts">
      <item name="Summary" href="/summary.html" />
      <item name="SpoolManager" href="/spoolmanager.html" />
      <item name="Repositories" href="/repositories.html" />
      <item name="The Mailet API" href="/mailet_api.html" />
    </menu>
    
    <menu name="How to...">
      <item name="Build James" href="/build_instructions.html" />
      <item name="Install James" href="/installation_instructions.html" />
    </menu>
    
    <menu name="Configuration">
      <item name="DNS Server" href="/dns_configuration.html" />
      <item name="POP3 Server" href="/pop3_configuration.html" />
      <item name="SMTP Server" href="/smtp_configuration.html" />
      <item name="NNTP Server" href="/nntp_configuration.html" />
      <item name="FetchMail" href="/fetchmail_configuration.html" />
      <item name="RemoteManager" href="/remotemanager_configuration.html" />
      <!-- 
      <item name="Repository" href="/repositories.html" />
       -->
      <item name="SpoolManager" href="/spoolmanager_configuration.html" />
      <item name="Server-wide" href="/serverwide_configuration.html" />
      <item name="Adding Users" href="/adding_users.html" />
      <item name="Provided Matchers" href="/provided_matchers.html" />
      <item name="Provided Mailets" href="/provided_mailets.html" />
    </menu>
    
    <menu name="Common Configurations">
      <item name="Using SMTP AUTH" href="/smtp_auth.html" />
      <item name="Using a Database with James" href="/using_database.html" />
      <item name="Using TLS/SSL" href="/usingTLS.html" />
      <item name="Creating Mailing Lists" href="/mailing_lists.html" />
    </menu>
    
    <menu name="Customization">
      <item name="How to write a custom Matcher" href="/custom_matcher.html" />
      <item name="How to write a custom Mailet" href="/custom_mailet.html" />
    </menu>
    
    <menu name="Project">
      <item name="Changelog" href="/changelog.html" />
    </menu>

    ${reports}

  </body>  

</project>