<?xml version="1.0"?>
<!--
  Licensed to the Apache Software Foundation (ASF) under one
  or more contributor license agreements.  See the NOTICE file
  distributed with this work for additional information
  regarding copyright ownership.  The ASF licenses this file
  to you under the Apache License, Version 2.0 (the
  "License"); you may not use this file except in compliance
  with the License.  You may obtain a copy of the License at

    http://www.apache.org/licenses/LICENSE-2.0

  Unless required by applicable law or agreed to in writing,
  software distributed under the License is distributed on an
  "AS IS" BASIS, WITHOUT WARRANTIES OR CONDITIONS OF ANY
  KIND, either express or implied.  See the License for the
  specific language governing permissions and limitations
  under the License.    
-->
<document>

 <properties>
  <title>James 2.3 - Provided Mailets</title>
 </properties>

<body>

<section name="Mailets">

<p>James provides a number of implemented Mailets for use by James administrators in their 
configurations.  These are primarily mailets that members of the James developer or user 
communities have found useful in their own configurations.  A description of how to configure 
Mailets and use them in the James SpoolManager can be found <a href="spoolmanager_configuration.html">here</a>.</p>

<subsection name="AddFooter">
<p>Description: This mailet adds a text footer to the message.</p>

<p>Parameters:
<ul>
<li><strong>text</strong> (required) - the text that will be added as a footer to the message.</li>
</ul>
</p>
</subsection>

<subsection name="AddHabeasWarrantMark">
<p>Description: This mailet adds a Habeas warrant mark (see <a href="http://habeas.com">http://habeas.com</a> for details) to the message.</p>

<p>Parameters: None.</p>
</subsection>

<subsection name="AddHeader">
<p>Description: This mailet is <strong>deprecated</strong> .Please use SetMimeHeader .</p>
</subsection>

<subsection name="AvalonListserv">
<p>Provides basic list server functionality.  Implements basic filters for emails sent to the list, 
including restriction of senders to members, diallowing attachments in list messages, and subject line 
processing</p>

<p>Parameters:
<ul>
<li><strong>repositoryName</strong> (required) - the name of the user repository that contains the users 
for this list.</li>
<li><strong>membersonly</strong> (optional) - whether only members of the list can send messages to this 
list.  Defaults to false.</li>
<li><strong>attachmentsallowed</strong> (optional) - whether attachments are allowed in messages sent to this 
list.  Defaults to true.</li>
<li><strong>replytolist</strong> (optional) - whether the reply-to address for all messages sent to this 
list is set to the list address.  Defaults to true.</li>
<li><strong>subjectprefix</strong> (optional) - a String value.  If set, this value is prepended to the subject
line of all messages sent to the list.</li>
<li><strong>autobracket</strong> (optional) - a boolean value.  If a subjectprefix is set, this value determines 
whether the prefix is bracketed before being prepended to the subject line.  Defaults to true.</li>
</ul>
</p>
</subsection>

<subsection name="AvalonListservManager">
<p>Processes list management commands of the form &lt;list-name&gt;-on@&lt;host&gt; and 
&lt;list-name&gt;-off@&lt;host&gt; where &lt;list-name&gt; and lt;host&gt; are arbitrary.  Note 
that this should be used in tandem with a CommandForListserv matcher to ensure that only commands 
intended for a specific list are processed.</p>

<p>Parameters:
<ul>
<li><strong>repositoryName</strong> (required) - the name of the user repository that contains the users 
for this list.</li>
</ul>
</p>
</subsection>

<subsection name="BayesianAnalysis">
<p>Description: Spam detection mailet using bayesian analysis techniques.</p>

<p>Parameters:
<ul>
<li><strong>repositoryPath</strong> (required) - The repositoryPath which is used.</li>
<li><strong>headerName</strong> - The HeaderName which get adds to holds the Probalitity. Default is <i>X-MessageIsSpamProbability</i>.</li>
<li><strong>ignoreLocalSender</strong> - Set to true if you want to ignore messages from local senders. By local sender we mean a return-path 
with a local server part (server listed in &lt;servernames&gt; in config.xml). Default is <i>false</i>.</li>
<li><strong>maxSize</strong> - Set this to the maximum message size (in bytes) after analysis will be skipped. Default is <i>100000</i>.</li>
</ul>
</p>
</subsection>

<subsection name="BayesianAnalysisFeeder">
<p>Description: Feeds ham OR spam messages to train the BayesianAnalysis mailet.</p>

<p>Parameters:
<ul>
<li><strong>repositoryPath</strong> (required) - The repositoryPath which is used.</li>
<li><strong>feedType</strong> (required) - The type of the message which is used to feed the mailet. Allowed values are <i>spam</i> and <i>ham</i>.</li>
<li><strong>maxSize</strong> - Set this to the maximum message size (in bytes) after analysis will be skipped. Default is <i>100000</i>.</li>
</ul>
</p>
</subsection>

<subsection name="Bounce">
<p>Description: Generates a response to the reverse-path address.</p>

<p>Parameters:
<ul>
<li><strong>sender</strong> - The senderAddress which will be used for sending the bounce. Possible values: <i>address</i>, <i>postmaster</i> , <i>sender</i>,
<i>unaltered</i>. Default <i>postmaster</i>.</li>
<li><strong>attachError</strong> - Attach error. Default is false.</li>
<li><strong>message</strong> - Set the message which get included in the bounce.</li>
<li><strong>prefix</strong> - Optional subject prefix prepended to the original message.</li>
<li><strong>inline</strong> - Specify which mailpart will be included in the email body. Possible values: <i>unaltered</i>, <i>heads</i>, <i>body</i> , <i>all</i>,
"none". Default "none".</li>
<li><strong>attachment</strong> - Specify which mailpart will be attached to the email. Possible values: <i>none</i>, <i>heads</i>, <i>body</i>, <i>all</i>,
<i>message</i>. Default <i>message</i>.</li>
<li><strong>passThrough</strong> - If set to false the email will not processed after the bounce. Possible values: <i>true</i>, <i>false</i>.
Default <i>true</i>.</li>
<li><strong>fakeDomainCheck</strong> - If set to false true will check if the sender domain is valid. Possible values: <i>true</i>, <i>false</i>.
Default <i>true</i>.</li>
<li><strong>debug</strong> - If set true you can enable debugging. Possible values: <i>true</i>, <i>false</i>. 
Default <i>false</i>.</li>
</ul>
</p>
</subsection>

<subsection name="ClamAVScan">
<p>Description: Does an antivirus scan check using a ClamAV daemon (CLAMD).</p>

<p>Parameters:
<ul>
<li><strong>host</strong> - The host name of the server where CLAMD runs. The default is <i>localhost</i></li>
<li><strong>port</strong>  - The port on which CLAMD listens. The default is <i>3310</i>.</li>
<li><strong>maxPings</strong> - The maximum number of connection retries during startup. If the value is <i>0</i> no startup 
test will be done.</li>
<li><strong>pingIntervalMillis</strong> (required) - The interval (in milliseconds) between each connection retry during startup. 
The default is <i>30000</i> (30 seconds)</li>
<li><strong>streamBufferSize</strong> - the BufferedOutputStream buffer size to use writing to the <I>stream connection</I>. The 
default is <i>8192</i>.</li>
<li><strong>debug</strong> - If set true you can enable debugging. Possible values: <i>true</i>, <i>false</i>. 
Default <i>false</i>.</li>
</ul>
</p>
</subsection>

<subsection name="CommandListservFooter">
<p>Description: CommandListservFooter is based on the AddFooter mailet. It is used by the CommandListservProcessor to inject a footer into mailing list.</p>

<p>Parameters: None.</p>
</subsection>

<subsection name="CommandListservManager">
<p> Description: CommandListservManager is the default implementation of ICommandListservManager.
It loads all the configured IListServCommands and delegates to them at runtime.
<br/>
It isn't responsible for procesing messages sent to the main mailing list, but is responsible for
individual commands sent by users, such as: info, subscribe, etc...
<br/>
Requests sent to the CommandListservManager take the form of:
<pre>
&lt;listName&gt;-&lt;commandName&gt;@domain
</pre>
 
If the command isn't recognized an error will be sent.
<br/>
<br/>
The configuration for this mailet sould be in the 'root' processor block.</p>

<p>Parameters:
<ul>
<li><strong>listName</strong> - The listname </li>
<li><strong>displayName</strong>  - The full listname</li>
<li><strong>listOwner</strong> - An emailaddress which will be used as owneraddress.</li>
<li><strong>repositoryName</strong> - the repository name </li> 
<li><strong>listDomain</strong> - The domain</li>
</ul>
</p>
<br/> 
<p> Example configuration:
<source>
&lt;mailet match="CommandListservMatcher=announce@localhost" class="CommandListservManager"&gt;
  &lt;listName&gt;announce&lt;/listName&gt;
  &lt;displayName&gt;Announce mailing list&lt;/displayName&gt;
  &lt;listOwner&gt;owner@localhost&lt;/listOwner&gt;
  &lt;repositoryName&gt;list-announce&lt;/repositoryName&gt;
  &lt;listDomain&gt;localhost&lt;/listDomain&gt;

  &lt;commandpackages&gt;
     &lt;commandpackage&gt;org.apache.james.transport.mailets.listservcommands&lt;/commandpackage&gt;
  &lt;/commandpackages&gt;

  &lt;commands&gt;
     &lt;command name="subscribe" class="Subscribe"/&gt;
     &lt;command name="subscribe-confirm" class="SubscribeConfirm"/&gt;
     &lt;command name="unsubscribe" class="UnSubscribe"/&gt;
     &lt;command name="unsubscribe-confirm" class="UnSubscribeConfirm"/&gt;
     &lt;command name="error" class="ErrorCommand"/&gt;
     &lt;command name="owner" class="Owner"/&gt;
     &lt;command name="info" class="Info"/&gt;
  &lt;/commands&gt;
 &lt;/mailet&gt;
</source> 
</p>
</subsection>


<subsection name="DSNBounce">
<p>Description: Generates a Delivery Status Notification (DSN). Note that this is different than a mail-client's
reply, which would use the Reply-To or From header.Bounced messages are attached in their entirety (headers and
content) and the resulting MIME part type is "message/rfc822".
The reverse-path and the Return-Path header of the response is set to <i>null</i> (<i>&lt;&gt;</i>),
meaning that no reply should be sent.
A sender of the notification message can optionally be specified.
If one is not specified, the postmaster's address will be used.</p>

<p>Parameters:
<ul>
<li><strong>sender</strong> - An address, postmaster,sender or unaltered. Default is <i>postmaster</i></li>
<li><strong>prefix</strong>  - Optional subject prefix prepended to the original message.</li>
<li><strong>attachment</strong> - Values are message, heads or none. Default is <i>message</i>. 
test will be done.</li>
<li><strong>messageString</strong> - the message sent in the bounce, the first occurrence of the pattern [machine] is replaced with the name of the executing machine, default=Hi. This is the James mail server at [machine] .... </li> 
<li><strong>passThrough</strong> (optional) - a boolean value (true/false) indicating whether
processing should continue on the message is on.  If false, the original message is GHOSTed.  Defaults to false.</li>
<li><strong>debug</strong> - If set true you can enable debugging. Possible values: <i>true</i>, <i>false</i>. 
Default <i>false</i>.</li> 
</ul>
</p>
</subsection>

<subsection name="Forward">
<p>Description: This mailet forwards the message to a set of recipients.</p>

<p>Parameters:
<ul>
<li><strong>forwardto</strong> (required) - a comma delimited list of email addresses.</li>
</ul>
</p>
</subsection>

<subsection name="FromRepository">
<p>Description: This mailet ee-spools mail found in the specified Repository.</p>

<p>Parameters:
<ul>
<li><strong>repositoryPath</strong> (required) - The repositoryPath which is used.</li>
<li><strong>processor</strong> (required) - The target processor to move the mails to.</li>
<li><strong>delete</strong> - If set to true the mails get deleted after re-spooling. Default is <i>false</i>.</li>
</ul>
</p>
</subsection>

<subsection name="ICommandListservManager">
<p>Description: ICommandListservManager is the interface that describes the functionality of any command based list serv managers.</p>

<p>Parameters: None.</p>
</subsection>

<subsection name="JDBCAlias">
<p>Description: This mailet does alias translation for email addresses stored in a database table.</p>

<p>Parameters:
<ul>
<li><strong>mappings</strong> (required) - a URL of the form db://&lt;data-source&gt;/&lt;table&gt;, where 
&lt;table&gt; is the table in the database containing the alias info and &lt;data-source&gt; is the name 
of the data-source in config.xml that is to be used.</li>
<li><strong>source_column</strong> (required) - the column containing the aliases.</li>
<li><strong>target_column</strong> (required) - the column containing the alias targets.</li>
</ul>
</p>
</subsection>

<subsection name="JDBCVirtualUserTable">
<p>Description: This mailet does complex alias translation for email addresses stored in a database table.</p>

<p>Parameters:
<ul>
<li><strong>table</strong> (required) - the URL describing the database table.  This URL has the form 
db://&lt;data-source&gt;/&lt;table&gt; where &lt;data-source&gt; and &lt;table&gt; are the names of 
the data-source as defined in config.xml and the table in the database.</li>
<li><strong>sqlquery</strong> (optional) - the text of the SQL query used by the mailet to do user
lookup.  The default is "select VirtualUserTable.target_address from VirtualUserTable, VirtualUserTable as VUTDomains where (VirtualUserTable.user like ? or VirtualUserTable.user like '\\%') and (VirtualUserTable.domain like ? or (VirtualUserTable.domain like '\\%' and VUTDomains.domain like ?)) order by concat(VirtualUserTable.user,'@',VirtualUserTable.domain) desc limit 1"</li>
</ul>
</p>
</subsection>

<subsection name="LocalDelivery">
<p>Description: This mailet delivers messages to local mailboxes.</p>

<p>Parameters: None.</p>
</subsection>

<subsection name="LogMessage">
<p>Description: Logs Message Headers and/or Body.</p>

<p>Parameters:
<ul>
<li><strong>passThrough</strong> (optional) - If the "passThrough" in confs is true the mail will be left untouched in
the pipe. If false will be destroyed.  Default is true.</li>
<li><strong>headers</strong> (optional) - If set to true the headers get logged. Default is true"</li>
<li><strong>body</strong> (optional) - If set to true the body get logged. Default is true.</li>
<li><strong>bodyMax</strong> (optional) - The max length wich should be logged. Default is log all.</li>
<li><strong>comment</strong> (optional) - The comment which should be logged  Default is none.</li>
</ul>
</p>
</subsection>

<subsection name="NotifyPostmaster">
<p>Description: This mailet forwards the message as an attachment to the James postmaster.</p>

<p>Parameters:
<ul>
<li><strong>sendingAddress</strong> (optional) - the address from which the forwarded email will be 
sent.  Defaults to the postmaster address.</li>
<li><strong>notice</strong> (optional) - the text message that will accompany the forwarded message.  Defaults 
to "We were unable to deliver the attached message because of an error in the mail server."</li>
<li><strong>attachStackTrace</strong> (optional) - whether an error stack trace is attached to the forwarded message.</li>
</ul>
</p>
</subsection>

<subsection name="NotifySender">
<p>Description: This mailet forwards the message as an attachment to the original sender.</p>

<p>Parameters:
<ul>
<li><strong>sendingAddress</strong> (optional) - the address from which the forwarded email will be 
sent.  Defaults to the postmaster address.</li>
<li><strong>notice</strong> (optional) - the text message that will accompany the forwarded message.  Defaults 
to "We were unable to deliver the attached message because of an error in the mail server."</li>
<li><strong>attachStackTrace</strong> (optional) - whether an error stack trace is attached to the forwarded message.</li>
</ul>
</p>
</subsection>

<subsection name="Null">
<p>Description: This mailet ends processing for this mail.</p>

<p>Parameters: None.</p>
</subsection>

<subsection name="PostmasterAlias">
<p>Description: Intercepts all mails addressed to postmaster@&lt;domain&gt; where &lt;domain&gt; is one
of the domains managed by this James server and substitutes the configured James postmaster address for
the original recipient address.  This mailet is inserted automatically by James at the head of the root
processor.</p>

<p>Parameters: None.</p>
</subsection>

<subsection name="Redirect">
<p>Description: A mailet providing powerful, configurable redirection services.<br/>
      This mailet can produce listserver, forward and notify behaviour, with the
      original message intact, attached, appended or left out altogether.<br/>
      This built in functionality is controlled by the configuration as described
      <a href="apidocs/org/apache/james/transport/mailets/Redirect.html">here</a>.</p>
<p>It is also intended to be easily subclassed to make providing bespoke redirection
    mailets simple. <br/>
    By extending it and overriding one or more of its methods new behaviour can
    be quickly created without the author having to address any other issue than
    the relevant one. For more information see the javadocs
    <a href="apidocs/org/apache/james/transport/mailets/Redirect.html">here</a>.</p>

<p>Parameters: <a href="apidocs/org/apache/james/transport/mailets/Redirect.html">See javadocs.</a></p>
</subsection>

<subsection name="RemoteDelivery">
<p>Manages delivery of messages to recipients on remote SMTP hosts.</p>

<p>Parameters:
<ul>
<li><strong>outgoing</strong> (required) - The URL for the repository that will hold messages being processed
by the RemoteDelivery Mailet.</li>
<li><strong>delayTime</strong> (optional) - a non-negative Long value that is the time in
milliseconds between redelivery attempts for a particular mail.  Defaults to six hours.</li>
<li><strong>maxRetries</strong> (optional) - a non-negative Integer value that is number of times
the Mailet will attempt to deliver a particular mail.  Defaults to five.</li>
<li><strong>timeout</strong> (optional) - The SMTP connection timeout for SMTP connections generated
by this Mailet.  Defaults to 60 seconds.</li>
<li><strong>deliveryThreads</strong> (optional) - The number of threads this Mailet will use to generate
SMTP connections.</li>
<li><strong>gateway</strong> (optional) - The host name of the SMTP server 
to be used as a gateway for this server.  If this value is set, then all 
messages will be delivered to the gateway server, regardless of recipient 
address.  To specify more than one gateway server, add multiple gateway tags, 
each containing one value.  If more than one server is specified, they will be 
tried in order until one is successful.  In addition the port may be specified 
for each gateway in the format &lt;host&gt;:&lt;port&gt;.  If this 
value is unset, delivery will occur to SMTP servers resolved by MX lookup.</li>
<li><strong>gatewayPort</strong> (optional) - The default port number of the 
SMTP server to be used as a gateway for this server.  This value will be 
employed when a gateway is set <em>and</em> the gateway value does not specify 
a port as described above.</li>
<li><strong>bind</strong> (optional) - If present, this value is a string 
describing the local IP address to which the mailet should be bound while 
delivering emails. If the tag is absent then the service will bind to the 
default local address of the machine. This tag is useful for multihomed machines.<br/>
Note: Currently you must use the same IP address for all of those RemoteDelivery 
instances where you explicitly supply a bind address.</li>
<li><strong>debug</strong> (optional) - a boolean value (true/false) indicating whether debugging is
on.  Defaults to false.</li>
</ul>
</p>
</subsection>

<subsection name="RemoveAllMailAttributes">
<p>Description: Removes all attributes on the Mail instance.</p>

<p>Parameters: None.</p>
</subsection>

<subsection name="RemoveMailAttributes">
<p>Description: Remove attributes on the Mail instance.</p>

<p>Parameters:
<ul>
<li><strong>name</strong> (required) - The name of the attribute to remove.</li>
</ul>
</p>
</subsection>

<subsection name="Resend">
<p>Description:A mailet providing configurable redirection services. For more information see 
the javadocs <a href="apidocs/org/apache/james/transport/mailets/Resend.html">here</a>.</p>

<p>Parameters: <a href="apidocs/org/apache/james/transport/mailets/Resend.html">See javadocs.</a></p>
</subsection>

<subsection name="ServerTime">
<p>Description: This mailet sends a message to the sender of the original mail message with a server timestamp.</p>

<p>Parameters: None.</p>
</subsection>

<subsection name="SetMailAttributes">
<p>Description: Set attributes on the Mail instance.</p>

<p>Parameters:
<ul>
<li><strong>name</strong> (required) - The name of the attribute to set.</li>
</ul>
</p>
</subsection>

<subsection name="SetMimeHeader">
<p>Description: Set an MimeHeader on a MimeMessage.</p>

<p>Parameters:
<ul>
<li><strong>name</strong> (required) - the name of the header to be added to the message.</li>
<li><strong>value</strong> (required) - the text that will be added as a header to the message.</li>
</ul>
</p>
</subsection>

<subsection name="SMIMECheckSignature">
<p>Description: Verifies the s/mime signature of a message. The s/mime signing ensure that
the private key owner is the real sender of the message. To be checked by
this mailet the s/mime signature must contain the actual signature, the
signer's certificate and optionally a set of certificate that can be used to
create a chain of trust that starts from the signer's certificate and leads
to a known trusted certificate.
</p>
<p>
This check is composed by two steps: firstly it's ensured that the signature
is valid, then it's checked if a chain of trust starting from the signer
certificate and that leads to a trusted certificate can be created. The first
check verifies that the the message has not been modified after the signature
was put and that the signer's certificate was valid at the time of the
signing. The latter should ensure that the signer is who he declare to be.
</p>

<p>Parameters: <a href="apidocs/org/apache/james/transport/mailets/smime/SMIMECheckSignature.html">See javadocs.</a></p>
</subsection>

<subsection name="SMIMEDecrypt">
<p>Description: This mailet decrypts a s/mime encrypted message. It takes as input an
encrypted message and it tries to dechiper it using the key specified in its
configuration. If the decryption is successful the mail will be changed and
it will contain the decrypted message. The mail attribute
<code>org.apache.james.SMIMEDecrypt</code> will contain the public
certificate of the key used in the process. </p>

<p>Parameters: <a href="apidocs/org/apache/james/transport/mailets/smime/SMIMEDecrypt.html">See javadocs.</a></p>
</subsection>

<subsection name="SMIMESign">
<p>Description: Puts a <i>server-side</i> SMIME signature on a message.
It is a concrete subclass of SMIMEAbstractSign, with very few modifications to it.</p>
<p>A text file with an explanation text is attached to the original message,
and the resulting message with all its attachments is signed.
The resulting appearence of the message is almost unchanged: only an extra attachment
and the signature are added.</p>

<p>Parameters: <a href="apidocs/org/apache/james/transport/mailets/smime/SMIMESign.html">See javadocs.</a></p>
</subsection>

<subsection name="ToProcessor">
<p>Description: Redirects processing of the mail message to the specified processor.</p>

<p>Parameters:
<ul>
<li><strong>processor</strong> (required) - the name of the processor to which the message
is to be redirected.</li>
<li><strong>noticeText</strong> (optional) - a String value that, if present,
is set as the error message of the redirected message.  If this value is not
present, no error message is set.</li>
</ul>
</p>
</subsection>

<subsection name="ToMultiRepository">
<p>Description: Receives a Mail from JamesSpoolManager and takes care of delivery of the
message to local inboxes or a specific repository.
 
Differently from LocalDelivery this does not lookup the UserRepository This
simply store the message in a repository named like the local part of the
recipient address.
 
If no repository is specified then this fallback to MailServer.getUserInbox.
Otherwise you can add your own configuration for the repository.</p>
<p>Parameters:
<ul>
<li><strong>repositoryUrl</strong> (required) - the URL of the repository to which the message
is to be added.</li>
<li><strong>addDeliveryHeader</strong> (optional) - a String value which can be used specify a header which will add to the message. 
Default is to not add a header.</li>
</ul>
</p>
</subsection>

<subsection name="ToRepository">
<p>Places a copy of the message in the specified repository.</p>

<p>Parameters:
<ul>
<li><strong>repositoryPath</strong> (required) - the URL of the repository to which the message
is to be added.</li>
<li><strong>passThrough</strong> (optional) - a boolean value (true/false) indicating whether
processing should continue on the message is on.  If false, the original message is GHOSTed.  Defaults to false.</li>
</ul>
</p>
</subsection>

<subsection name="UseHeaderRecipients">
<p>Description: Ignores the recipients associated with the Mail interface.  Instead, it regenerates the
mail recipients from the MimeMessage headers (To, Cc, Bcc) and inserts a new message at the queue root
these new recipients.  The original message is GHOSTed.</p>

<p>Parameters:
<ul>
<li><strong>debug</strong> (optional) - a boolean value (true/false) indicating whether debugging is
on.  Defaults to false.</li>
</ul>
</p>
</subsection>

<subsection name="UsersRepositoryAliasingForwarding">
<p>Receives a Mail from JamesSpoolManager and takes care of delivery of the
message to local inboxes.</p>

<p>Parameters:
<ul>
<li><strong>enableAliases</strong> (optional) - Specify wether the user aliases should 
be looked up or not. Default is false.</li>
<li><strong>enableForwarding</strong> (optional) -Enable the forwarding. Default to 
false.</li>
<li><strong>usersRepository</strong> (optional) - Specific users repository
name. Default to empty. If empty does lookup the default userRepository.
</li>
</ul>
</p>
</subsection>

<subsection name="WhiteListManager">
<p>Manages for each local user a "white list" of remote addresses whose messages
should never be blocked as spam.</p>
<p>The normal behaviour is to check, for a local sender, if a remote recipient
is already in the list: if not, it will be automatically inserted.
This is under the interpretation that if a local sender <i>X</i> sends a message to a
remote recipient <i>Y</i>, then later on if a message is sent by <i>Y</i> to <i>X</i> it should be
considered always valid and never blocked; hence <i>Y</i> should be in the white list
of <i>X</i>.</p>
<p>Another mode of operations is when a local sender sends a message to <i>whitelistManagerAddress</i>
with one of three specific values in the subject, to
(i) send back a message displaying a list of the addresses in his own list;
(ii) insert some new addresses in his own list;
(iii) remove some addresses from his own list.
In all this cases the message will be ghosted and the postmaster will reply
to the sender.</p>
<p> The sender name is always converted to its primary name (handling aliases).</p>

<p>Parameters:
<ul>
<li><strong>repositoryPath</strong>  - The repository path.</li>
<li><strong>automaticInsert</strong> (optional) - If true automatically inserts the local sender to remote 
recipients entries in the whitelist. Default is false.</li>
<li><strong>whitelistManagerAddress</strong> (optional) -  Set this to an email address of the "whitelist manager" to send 
commands to (default is null).</li>
<li><strong>displayFlag</strong> (optional) - Set this to a unique text that you can use (by sending a 
message to the "whitelist manager" above) to tell the mailet to send back the contents of the white list. Default is null.</li>
<li><strong>insertFlag</strong> (optional) - Set this to a unique text that you can use (by sending a message to the "whitelist manager" above)
to tell the mailet to insert some new remote recipients to the white list. Default is null.</li>
<li><strong>removeFlag</strong> (optional) - Set this to a unique text that you can use (by sending a message to the "whitelist manager" above)
to tell the mailet to remove some remote recipients from the white list. Default is null.</li>
</ul>
</p>
</subsection>
</section>
</body>
</document>
